<?xml version="1.0" encoding="utf-8"?>
<extension type="module" version="3.1.0" client="site" method="upgrade">
    <name>Hello World!</name>
    <author>Aniket Kulkarni</author>
    <version>1.0.2</version>
	<creationDate>June 2016</creationDate>
    <description>Simple Joomla Module</description>
    <files>
        <filename>mod_helloworld.xml</filename>
        <filename module="mod_helloworld">mod_helloworld.php</filename>
        <filename>index.html</filename>
        <filename>helper.php</filename>
        <filename>tmpl/default.php</filename>
        <filename>tmpl/index.html</filename>
	<folder>sql/mysql</folder>
    </files>
    <config>
	<fields name="params">
    <fieldset name="basic">
        <field
               name="lang"
               type="sql"
               default="1"
               label="Select a language"
               query="SELECT id AS value, lang FROM #__helloworld" />
    </fieldset>
	</fields>
    </config>
	<install>
     <sql>
         <file driver="mysql" charset="utf8">sql/mysql/installhello.sql</file>
     </sql>
	</install>
 
	<uninstall>
		 <sql>
			 <file driver="mysql" charset="utf8">sql/mysql/uninstallhello.sql</file>

		 </sql>
	</uninstall>
	 
</extension>